rank_1based,id,name,network,symbol,private,created,proposalsCount,followersCount,cum_followers,cum_coverage,is_selected
1,stgdao.eth,Stargate DAO,1,veSTG,False,1646451490,155,921357,921357,0.21255743863484416,True
2,arbitrumfoundation.eth,Arbitrum DAO,42161,ARB,False,1679581634,399,323321,1244678,0.2871477262398186,True
3,opcollective.eth,Optimism Collective,10,OP,False,1652971367,93,203988,1448666,0.33420784169153234,True
4,aavedao.eth,Aave DAO,1,AAVE,False,1743692013,911,157156,1605822,0.37046379549239083,True
5,gitcoindao.eth,Gitcoin,1,GTC,False,1621966386,176,150429,1756251,0.40516782762803527,True
6,ens.eth,ENS,1,ENS,False,1619993265,89,142920,1899171,0.43813953037701525,True
7,uniswapgovernance.eth,Uniswap,1,UNI,False,1620456818,189,125093,2024264,0.46699853689799303,True
8,cakevote.eth,PancakeSwap,56,CAKEVOTE,False,1658912310,3733,111328,2135592,0.49268195226070255,True
9,magicappstore.eth,Magic Square,56,SQRv,False,1669135216,324,96385,2231977,0.5149180113809126,True
10,bitdao.eth,Mantle (prev. BitDAO),5000,MNT,False,1624962494,34,89026,2321003,0.5354563461761176,True
11,aavegotchi.eth,Aavegotchi,8453,GHST,False,1607347036,595,86235,2407238,0.5553507961240486,True
12,gmx.eth,GMX,42161,GMX,False,1635819265,67,75915,2483153,0.5728644178298197,True
13,starknet.eth, Starknet,1,STRK,False,1659447741,21,67093,2550246,0.588342800509202,True
14,g-dao.eth,G DAO,1,G,False,1662446680,47,66295,2616541,0.6036370842605567,True
15,bytedust.eth,ByteDAO,42161,BYTE,False,1656388617,35,65341,2681882,0.6187112798197584,True
16,sushigov.eth,Sushi,1,SUSHIPOWAH,False,1623288078,229,61175,2743057,0.6328243774664758,True
17,poh.eth,Proof Of Humanity,1,VOTE,False,1616365054,116,58906,2801963,0.6464140158804935,True
18,trustwallet,Trust Wallet,56,TWT,False,1620456815,19,47112,2849075,0.657282773646446,True
19,shellprotocol.eth,Shell Protocol,42161,veSHELL,False,1649284976,55,40018,2889093,0.6665149426963249,True
20,balancer.eth,Balancer,1,veBAL,False,1629284773,1041,36462,2925555,0.6749267410844673,True
21,apecoin.eth,ApeCoin DAO,1,APE,False,1647457750,327,36331,2961886,0.6833083177187605,True
22,snapshot.dcl.eth,Decentraland,1,VP,False,1620760753,2803,34553,2996439,0.6912797090221855,True
23,curve.eth,Curve Finance,1,CRV,False,1623154882,203,32956,3029395,0.6988826717691445,True
24,lido-snapshot.eth,Lido,1,LDO,False,1611991380,389,32500,3061895,0.7063804351286593,True
25,radiantcapital.eth,Radiant Capital,42161,RDNT,False,1658710528,55,28771,3090666,0.7130179166553239,True
26,banklessvault.eth,Bankless DAO,1,BANK,False,1620080430,84,28688,3119354,0.7196362500478704,True
27,vestafinance.eth,Vesta,42161,VSTA,False,1657058471,13,28149,3147503,0.7261302359188544,True
28,olympusdao.eth,OlympusDAO,1,OHM,False,1617325333,311,27194,3174697,0.7324039028972742,True
29,metislayer2.eth,Metis,1088,METIS,False,1648778068,292,26047,3200744,0.7384129565042059,True
30,speraxdao.eth,Sperax DAO,42161,veSPA,False,1657633884,73,25748,3226492,0.7443530306882301,True
31,quickvote.eth,QuickSwap,137,QUICK,False,1615337703,72,25495,3251987,0.7502347376682555,True
32,dydxgov.eth,dYdX,1,DYDX,False,1630394499,63,24173,3276160,0.7558114587048571,True
33,hop.eth,Hop,1,HOP,False,1655517046,61,22178,3298338,0.76092793242139,True
34,sismo.eth,Sismo,137,Voting Point,False,1634219556,12,20424,3318762,0.7656397576169202,True
35,dao.spaceid.eth,SPACE ID DAO,1,ID,False,1681784684,19,19641,3338403,0.7701709443905888,True
36,joegovernance.eth,Lets F***ing Joe (prev. TJ),43114,JOE,False,1671474993,27,19604,3358007,0.774693595249048,True
37,hakka.eth,Hakka Finance,1,HAKKA,False,1618581914,17,18714,3376721,0.7790109227416622,True
38,safe.eth,SafeDAO,1,SAFE,False,1650363744,54,17650,3394371,0.7830827849969063,True
39,swpr.eth,Swapr,42161,SWPR,False,1632902553,10,15377,3409748,0.7866302652178065,True
40,thegurudao.eth, Guru Network DAO,8453,seasonpass,False,1648664243,16,14888,3424636,0.7900649329376975,True
41,sandboxdao.eth,The Sandbox DAO,1,VP,False,1715002945,38,14149,3438785,0.7933291130538136,True
42,1inch.eth,1inch Network,1,UP,False,1623347457,93,13690,3452475,0.7964874016812523,True
43,xdaistake.eth,xDai Chain (Gnosis Chain),1,STAKE,False,1607701635,257,12389,3464864,0.7993455490738993,True
44,gnosis.eth,GnosisDAO,1,GNO,False,1614189788,243,12164,3477028,0.8021517888740575,True
45,younghwang.eth,Offshore DAO,1,CNHO,False,1638751341,20,12127,3489155,0.8049494927590062,True
46,whitelist1.eth,Whitelist,1,WHITELIST,False,1680646848,108,11137,3500292,0.8075188032370036,True
47,beefydao.eth,Beefy,1,BIFI,False,1639861911,119,11007,3511299,0.810058122661563,True
48,zkapedao.eth,zkApes DAO,1,VOTE,True,1683879435,51,10737,3522036,0.8125351529751356,True
49,badgerdao.eth,BadgerDAO,1,BADGER,False,1607194148,119,10552,3532588,0.8149695037126617,True
50,dackie.eth,DackieSwap,8453,iDACKIE,False,1722702279,13,10333,3542921,0.8173533310601653,True
51,theopendao.eth,OpenDAO,1,SOSVP,False,1640246481,27,9547,3552468,0.8195558278845742,True
52,alpacafinance.eth,Alpaca Finance,56,xALPACA,False,1614445477,49,9306,3561774,0.821702725909917,True
53,treasuregaming.eth,Treasure,42161,gMAGIC,False,1676771843,43,8738,3570512,0.8237185861017767,True
54,etherfi-dao.eth,ether.fi,1,ETHFI,True,1709869270,13,8622,3579134,0.8257076850459533,True
55,governance.qredo.eth,Open Custody Protocol (x Qredo),1,OPEN,False,1689761315,13,8465,3587599,0.827660564025593,True
56,qidao.eth,Qi Dao | Mai.Finance,1,aveQI,False,1621231997,248,8360,3595959,0.8295892194620712,True
57,paraswap-dao.eth,Velora DAO,1,VLR,False,1637689091,117,8190,3604149,0.831478655828669,True
58,decrypt-media.eth,Decrypt Media,1,GG,False,1621846392,16,8006,3612155,0.8333256433196312,True
59,bestfork.eth,Volta Club,1,Volta,False,1637238422,85,7894,3620049,0.8351467923645546,True
60,revotu.eth,Polygon,137,MATIC,False,1637744646,130,7892,3627941,0.8369674800086558,True
61,yokaiswap.eth,rabbithole.gg,137,RAB,False,1649582802,413,7748,3635689,0.8387549467935642,True
62,people-dao.eth,PeopleDAO,1,PEOPLE,False,1640420418,53,7666,3643355,0.8405234961447654,True
63,layer2dao.org,Layer2DAO,42161,xL2DAO,False,1648600959,21,7606,3650961,0.842278203471303,True
64,comp-vote.eth,Compound,1,COMP,False,1616537746,32,7293,3658254,0.843960701569178,True
65,cow.eth,CoW DAO,1,vCOW,False,1645015151,82,7239,3665493,0.8456307418448559,True
66,synapseprotocol.eth,Synapse Protocol,1,SYN,False,1632437474,49,7154,3672647,0.8472811725855933,True
67,loot-dao.eth,Loot Owners,1,LOOT,False,1630609611,22,6685,3679332,0.8488234048335427,True
68,shapeshiftdao.eth,ShapeShift,1,FOX,False,1626221433,238,6620,3685952,0.8503506415547731,True
69,klimadao.eth,Klima DAO,8453,KLIMA,False,1634751413,65,6606,3692558,0.8518746484702486,True
70,gearbox.eth,Gearbox,1,GEAR,False,1632333422,270,6500,3699058,0.8533742011421516,True
71,rfrmdao.eth,Reform DAO,1,eRFRM,False,1698663035,10,6468,3705526,0.8548663714009006,True
72,bitembassy.eth,BIT Embassy,1,BIT,False,1674361034,27,6463,3711989,0.8563573881575942,True
73,ethip.eth,MATIC,137,MATIC,False,1637483429,367,5832,3717821,0.8577028329549078,True
74,cvx.eth,Convex Finance,1,CVX,False,1623806620,1997,5648,3723469,0.8590058288765859,True
75,zkswapfinance.eth,zkSwap Finance,324,yZF,False,1697516573,21,5332,3728801,0.8602359234683684,True
76,pooltogether.eth,PoolTogether,1,POOL + PPOOL,False,1615484233,38,5226,3734027,0.8614415638165784,True
77,beets.eth,Beets,146,maBEETS,False,1635239873,206,5126,3739153,0.8626241341236822,True
78,doodles.eth,Doodles,1,DOODLE,False,1635138087,53,4982,3744135,0.863773483571593,True
79,zksyncdao.eth,zksyncdao,1,zksync,False,1662084254,146,4918,3749053,0.8649080681931959,True
80,frax.eth,Frax,252,veFXS,False,1608791803,510,4626,3753679,0.8659752882947687,True
81,moonbeam-foundation.eth,Moonbeam Foundation,1284,GLMR,False,1669658098,12,4613,3758292,0.8670395092909976,True
82,dunjia.eth,ConstitutionDAO,1,PEOPLE,False,1637383574,160,4585,3762877,0.8680972706757168,True
83,ilvgov.eth,Illuvinati Governance,1,ILV-NFT,False,1616458351,38,4552,3767429,0.8691474189468711,True
84,mutantsdao.eth,MutantCats DAO,1,MUTCATS ,False,1633557305,130,4522,3771951,0.8701906462056934,True
85,daocity.eth,CityDAO,1,CITIZEN,False,1630264720,68,4396,3776347,0.8712048052127219,True
86,maturka.eth,9K DAO,1,VOTE,False,1680925676,626,4383,3780730,0.8722159651144067,True
87,spookyswap.eth,SpookySwap,250,SpookyVotes,False,1620110953,97,4240,3784970,0.8731941348573095,True
88,mocana.eth,Moca DAO,1,MOCA,False,1678804318,225,4226,3789196,0.8741690747944575,True
89,bancornetwork.eth,Bancor,1,vBNT,False,1615913137,560,4192,3793388,0.8751361709176293,True
90,shutterdao0x36.eth,Shutter DAO 0x36,1,SHU,False,1705835795,61,4180,3797568,0.8761004986358685,True
91,rarible.eth,Rarible Protocol DAO,1,RARI,False,1621619131,138,4131,3801699,0.8770535220339656,True
92,ybaby.eth,yearn (old),1,YFI,False,1616603492,13,4097,3805796,0.8779987016180866,True
93,devdao.eth,Developer DAO,1,CODE,False,1634683272,47,3613,3809409,0.8788322222032535,True
94,ideamarket.eth,Ideamarket,42161,IMO,False,1643782102,13,3609,3813018,0.8796648199867763,True
95,fuse.eth,Rari Capital DAO,1,TRIBE,False,1642380399,317,3555,3816573,0.8804849599481016,True
96,hashflowdao.eth,Hashflow,1,veHFT,False,1651238147,30,3505,3820078,0.8812935648888739,True
97,chaingptai.eth,ChainGPT AI,56,CGPT,False,1683253808,38,3438,3823516,0.882086712902105,True
98,gm365.eth,gm DAO,1,ETH,False,1657971451,731,3359,3826875,0.8828616355828622,True
99,jadeprotocol.eth,Jade Protocol DAO,42161,sJADE,False,1638493423,22,3348,3830223,0.8836340205590978,True
100,01meta.eth,Polygon DAO,137,Matic,False,1646444024,67,3323,3833546,0.8844006380250569,True
101,phi-voting.eth,PHI,137,PhiVotePoint,False,1685364777,11,3229,3836775,0.885145569652376,True
102,dodobird.eth,DODO,137,DODO,False,1606708319,23,3229,3840004,0.8858905012796952,True
103,dforcenet.eth,dForce,1,DF,False,1641888985,93,3213,3843217,0.8866317417004373,True
104,decentralgames.eth,Bag.win,1,BAG,False,1607046538,310,3193,3846410,0.8873683681129583,True
105,castlekidvault.eth,Castle Kid DAO Vault,1,CK,False,1643154414,16,3128,3849538,0.8880899989987602,True
106,deri.eth,Deri Protocol,1,DERI,False,1645522675,16,3113,3852651,0.8888081693783962,True
107,revolutiondao-rld.eth,RevolutionDao,56,NFT,False,1657258734,25,3034,3855685,0.8895081144255583,True
108,shiba-swap.eth,Shiba Inu Ecosystem,1,SHIB OR tBONE,False,1627582245,53,2894,3858579,0.8901757614151717,True
109,index-coop.eth,Index Coop,1,INDEX,False,1622134145,1449,2815,3861394,0.8908251830723112,True
110,biswap-org.eth,Biswap,56,vBSW,False,1628520512,24,2747,3864141,0.8914589171014985,True
111,qqgame.eth,POAP,100,STAKE,False,1636883455,135,2701,3866842,0.892082038911777,True
112,chaingov.eth,Onyx XCN DAO,1,XCN,False,1643333793,52,2682,3869524,0.8927007774142453,True
113,diadao.eth,DIA,1,DIA,False,1612364767,103,2681,3872205,0.8933192852163024,True
114,hectordao.eth,Hector Network,250,HEC,False,1636393772,73,2642,3874847,0.8939287957023282,True
115,kuiqian.eth,KuiQian亏钱俱乐部,1,KUI,False,1656761393,21,2545,3877392,0.8945159282484809,True
116,alchemixstakers.eth,Alchemix,59144,ALCX,False,1614574749,140,2540,3879932,0.8951019072925784,True
117,jbdao.eth,JuiceboxDAO,1,JBX,False,1629050576,415,2532,3882464,0.8956860407333874,True
118,tomoondao.eth,MoonDAO,1,vMOONEY,False,1643040403,191,2481,3884945,0.8962584084532322,True
119,flygame.eth,dappback,1,eth,False,1653114372,139,2443,3887388,0.8968220095574566,True
120,masknetwork.eth,MASK,1,MASK,False,1619411012,14,2405,3889793,0.8973768440460608,True
121,deskvoting.eth,DESK,137,DESK,False,1651865360,40,2393,3892186,0.8979289101297321,True
122,metfi.io,MetFi DAO,56,METFI,False,1654029357,90,2389,3894575,0.8984800534117592,True
123,pyme.eth,PymeDAO,1,PYME,False,1688299754,10,2274,3896849,0.8990046661465141,True
124,friendswithbenefits.eth,Friends With Benefits,1,FWB,False,1609918779,89,2184,3899033,0.8995085158442735,True
125,dogamoni.eth,ZKSYNC,1,VOTE,False,1680023976,295,2137,3901170,0.900001522622713,True
126,myceliumgrowth.eth,Mycelium Growth,100,SHRM,False,1619193313,23,2114,3903284,0.9004892232916981,True
127,rbn.eth,Aevo,1,AEVO,False,1621872225,38,2100,3905384,0.9009736941549282,True
128,nftfinance.eth,DAO-Fi,1,NFTF,False,1637477612,71,2094,3907478,0.901456780815692,True
129,promdao.eth,Prom,56,PROM,False,1657226930,34,2061,3909539,0.9019322543628908,True
130,0xgov.eth,0x Protocol,1,ZRX,False,1626293383,27,2043,3911582,0.9024035753026904,True
131,listavote.eth,ListaDao,56,veLISTA,False,1721206604,23,2022,3913604,0.9028700515338578,True
132,kuwaoracle.eth,Kuwa Oracle,1,KUWA,False,1670758618,245,2007,3915611,0.9033330672588592,True
133,loopringdao.eth,Loopring,1,LRC,False,1658501218,14,2000,3917611,0.9037944680809832,True
134,dao.amkt.eth,AMKT DAO,1,AMKT,False,1663717489,18,1977,3919588,0.9042505627936528,True
135,fei.eth,Fei,1,TRIBE,False,1617307126,137,1972,3921560,0.9047055040042671,True
136,thegooddao.eth,GoodDollar DAO,1,GOOD,False,1637792344,22,1945,3923505,0.9051542163037826,True
137,abracadabrabymerlinthemagician.eth,Magic Internet Money,1,SPELL,False,1632419675,96,1944,3925449,0.9056026979028872,True
138,kuiclub.eth,Kui Club,1,KuiClub,False,1661175573,12,1931,3927380,0.9060481803966478,True
139,alexec.eth,AlexDAO,56,PEOPLE,False,1638281359,402,1920,3929300,0.9064911251858868,True
140,ctcswap.eth,zksync社区dao,1,celr,False,1647923128,19,1897,3931197,0.9069287638656715,True
141,iotex.eth,IoTeX Network,4689,IOTX,False,1622384667,17,1896,3933093,0.907366171845045,True
142,anglegovernance.eth,Angle Protocol,1,ANGLE,False,1635260243,147,1879,3934972,0.9077996579174304,True
143,yam.eth,Yam,1,YAM,False,1607212711,215,1851,3936823,0.9082266843783062,True
144,o3dao.eth,O3Labs,56,O3,False,1659510135,11,1843,3938666,0.9086518652358935,True
145,astardegens.eth,Astar Degens DAO,592,DEGEN,False,1645445714,23,1835,3940501,0.9090752004901922,True
146,huwacoin.eth,HUWA-DAO,56,HUWA,False,1626953106,635,1825,3942326,0.9094962287403804,True
147,defjnite.eth,Black Hole ,1,DFT,True,1689496159,99,1824,3944150,0.9099170262901575,True
148,2021eth.eth,2021eth,1,USDT,False,1636522783,364,1809,3945959,0.9103343633337686,True
149,abcdcba.eth,matic,1,vote,False,1654605373,462,1787,3947746,0.9107466249683364,True
150,staderdao.eth,Stader,1,SD,False,1667480869,28,1744,3949490,0.9111489664852285,True
151,opiumprotocol.eth,Opium Network,1,OPIUM,False,1612263491,87,1733,3951223,0.911548770297599,True
152,8848labs.eth,L2 Labs,42161,$arb,False,1657621086,39,1729,3952952,0.9119476513083251,True
153,gbc-nft.eth,GMX Blueberry Club,42161,GBC,False,1639003025,11,1727,3954679,0.9123460709182292,True
154,daovoice.eth,DAOVoice,1,ETH,False,1639200318,22,1696,3956375,0.9127373388153903,True
155,14cat.eth,MATIC Test Space,137,MATIC,False,1640526546,522,1682,3958057,0.9131253769067966,True
156,dappradar.eth,DappRadar,1,RADAR,False,1638368872,33,1676,3959733,0.9135120307957365,True
157,rss3.eth,RSS3,1,RSS3,False,1645068404,10,1667,3961400,0.9138966083809769,True
158,derify.eth,Derify Protocol,56,eDRF,False,1651744639,40,1647,3963047,0.9142765719579959,True
159,vote.airswap.eth,AirSwap,1,sAST,False,1611848126,138,1638,3964685,0.9146544592313155,True
160,691800.eth,arbitrum,1,VOTE,False,1665901713,74,1633,3966318,0.9150311930025797,True
161,ilv.eth,Illuvinati Council,1,vILV,False,1612502324,18,1603,3967921,0.9154010057615121,True
162,piedao.eth,PieDAO,1,veDOUGH,False,1633099255,112,1586,3969507,0.9157668966134563,True
163,sharkdao.eth,SharkDAO,1,SHARK,False,1628552490,846,1575,3971082,0.916130249760879,True
164,vote.vitadao.eth,VitaDAO,1,VITA,False,1640744276,129,1544,3972626,0.9164864511955587,True
165,acrossprotocol.eth,Across DAO,1,ACX,False,1669154034,88,1540,3974166,0.9168417298285942,True
166,fantomecosystem.eth,Fantom,250,FTM,False,1633947039,249,1540,3975706,0.9171970084616297,True
167,stakedao.eth,Stake DAO,1,veSDT,False,1611423476,129,1516,3977222,0.9175467502847997,True
168,lgcryptounicorns.eth,Crypto Unicorns,42161,sCU,False,1649271076,67,1490,3978712,0.9178904938972821,True
169,equilibriafi.eth,Equilibria Finance,42161,vlEQB,False,1685951444,114,1473,3980185,0.9182303156027763,True
170,eulerdao.eth,Euler,1,EUL,False,1656532948,63,1444,3981629,0.9185634469963498,True
171,xmyzz.eth,Universe Dao,56,"uni,ifly",False,1679386850,11,1435,3983064,0.9188945020862238,True
172,officialoceandao.eth,OceanDAO,1,OCEAN,False,1616189855,151,1420,3984484,0.9192220966699318,True
173,vote-perp.eth,Perpetual Protocol,10,PERP,False,1610093848,40,1403,3985887,0.9195457693466518,True
174,mantra-dao.eth,MANTRA,1,OM,False,1625107526,44,1378,3987265,0.9198636745130953,True
175,zkware.eth,zkspace,1,DAO,False,1663166236,39,1355,3988620,0.9201762735700842,True
176,apollodao.eth,WEALTHDAO,56,3Body,False,1633772698,639,1330,3989950,0.9204831051167967,True
177,zys888.eth,MATIC 2021,137,MATIC,False,1637933137,496,1320,3991270,0.9207876296593985,True
178,0xmetamask.eth,0xMetaMaskDAO,1,ETH,False,1637393365,131,1303,3992573,0.9210882322950124,True
179,morpho.eth,Morpho,1,MORPHO,False,1656953743,132,1289,3993862,0.9213856051248712,True
180,golflinks.eth,LinksDAO,1,LINKSDAO,False,1641786463,24,1286,3995148,0.921682285853497,True
181,cream-finance.eth,Cream Finance,1,iceCREAM,False,1610625936,112,1283,3996431,0.9219782744808894,True
182,nftearthl2.eth,NFTEarth,137,NFTE,False,1673917095,23,1262,3997693,0.9222694183996497,True
183,babydogevote.eth,Baby Doge,56,BabyDoge,False,1653247304,56,1250,3998943,0.9225577939134771,True
184,theheaddao.eth,Head Dao,1,HEAD,False,1634574485,220,1244,4000187,0.9228447852248383,True
185,zwei02.eth,zwei,137,MATIC,False,1637927332,172,1224,4001411,0.9231271625279782,True
186,bullsontheblock.eth,Bulls on the Block,1,BOTB,False,1629041643,154,1201,4002612,0.9234042337216637,True
187,moonwell-governance.eth,Moonwell Governance,8453,WELL,False,1659493797,66,1200,4003812,0.9236810742149381,True
188,insuretoken.eth,inSure DeFi,1,SURE,False,1615157282,112,1193,4005005,0.923956299805335,True
189,streamr.eth,Streamr,1,DATA,False,1622477558,32,1186,4006191,0.9242299104928545,True
190,tokenlon.eth,Tokenlon,1,LON,False,1614475514,47,1185,4007376,0.9245032904799629,True
191,rocketpool-dao.eth,Rocket Pool,1,Vote,False,1648777787,62,1166,4008542,0.9247722871592613,True
192,zlexdl.eth,zlexdl.eth,1,VOTE,False,1690012175,173,1160,4009702,0.9250398996360931,True
193,livelabs.eth,SecondLive,56,VP,False,1647315917,95,1159,4010861,0.9253072814125141,True
194,optimismio.eth,Ar,1,ETH,False,1637483865,42,1150,4012011,0.9255725868852354,True
195,alchemistcoin.eth,Alchemist,1,⚗️,False,1613046391,21,1146,4013157,0.9258369695563123,True
196,lifedog.eth,LifeDogCoin,1,LFDOG,False,1733485170,11,1132,4014289,0.9260981224216346,True
197,eth6888.eth,lovebnbdao,56,BNB,False,1640316581,568,1124,4015413,0.9263574296836682,True
198,vapornodes.eth,VaporFi Labs,43114,VNODE,True,1640475087,40,1121,4016534,0.9266160448444687,True
199,zirouziyu.eth,USDC-Matic,137,USDC,False,1637633563,391,1117,4017651,0.926873737203625,True
200,bioxyz.eth,BIO,1,BIO,False,1678806064,32,1116,4018767,0.9271311988623702,True
201,•8099.eth,MaticDAO,137,MATIC,False,1675101132,455,1100,4019867,0.9273849693145383,True
202,opencampusdao.eth,Open Campus DAO,56,EDU,False,1683859730,15,1093,4020960,0.9276371248638291,True
203,kwenta.eth,Kwenta,10,KCNFT,False,1637004043,132,1090,4022050,0.9278885883118867,True
204,pangolindex.eth,Pangolin,43114,PNG,False,1615476492,42,1087,4023137,0.9281393596587111,True
205,glmrapes.eth,GLMR APES,1284,GLMA,False,1643140551,194,1085,4024222,0.9283896696047133,True
206,poolpool.pooltogether.eth,Pool Pool,1,PPOOL,False,1615495470,65,1083,4025305,0.9286395181498934,True
207,spartacusdao.eth,Spartacus DAO,250,sSPA,False,1636037537,21,1082,4026387,0.9288891359946625,True
208,aurafinance.eth,Aura Finance,1,vlAURA,False,1655212412,882,1062,4027449,0.9291341398312104,True
209,kopio.eth,Matic Voters,137,MATIC,False,1637662264,73,1058,4028507,0.929378220866114,True
210,yequ.eth,夜曲,1,ETH,False,1663727275,451,1057,4029564,0.9296220712006065,True
211,nation3.eth,Nation3 DAO,1,PASS3,False,1647111687,78,1048,4030612,0.9298638452313994,True
212,grayboys.eth,The Mothership DAO (Gray Boys),1,GRAY,False,1639797397,99,1045,4031657,0.9301049271609592,True
213,zerozero.eth,zerozero DAO,1,00,False,1659369244,13,1043,4032700,0.9303455476896969,True
214,polymon.eth,Protocol Monster Labs,1,Points,False,1637313467,14,1040,4033740,0.9305854761172013,True
215,supported.eth,polygon Maitc,137,MATIC,False,1639299667,46,1035,4034775,0.9308242510426505,True
216,instadapp-gov.eth,Instadapp,1,INST,False,1625110260,18,1026,4035801,0.9310609496644001,True
217,gmdao.eth,gmdao,1,gmDAO,False,1638378214,97,1024,4036825,0.9312971868853276,True
218,stp.eth,AWE Network,8453,AWE,False,1717992763,13,1023,4037848,0.9315331934058441,True
219,koba777.eth,ArbitrumPRO,42161,aPRO,False,1652005990,154,992,4038840,0.9317620482136175,True
220,polyhedragovernance.eth,Polyhedra Network,1,SP,False,1719370542,15,991,4039831,0.93199067232098,True
221,extradao.eth,Extra Finance,1,veEXTRA,False,1703065914,138,987,4040818,0.9322183736266981,True
222,richroad.eth,RichRoad,1,vote,False,1690368042,62,987,4041805,0.9324460749324163,True
223,hypergptdao.eth,HyperGPT,56,HGPT,False,1690186556,31,985,4042790,0.9326733148373124,True
224,kogecoin.eth,KogeCoin,137,KOGECOIN,False,1623448589,120,980,4043770,0.9328994012401531,True
225,symbiosisdao.eth,Symbiosis DAO,1,veSIS,False,1674731397,63,977,4044747,0.9331247955417606,True
226,dinero.xyz,Dinero,1,DINERO,False,1721322366,105,975,4045722,0.9333497284425462,True
227,fabien.eth,Fabien,1,ETH,False,1605976603,467,971,4046693,0.9335737385416873,True
228,lyra.eth,Lyra,1,stkLYRA,False,1622347143,82,969,4047662,0.9337972872400064,True
229,vaultcraft-snapshot.eth,VaultCraft,1,VCX,False,1703001617,63,967,4048629,0.9340203745375033,True
230,ethos-labs.eth,Ethos,8453,ETHOS,False,1743314925,15,960,4049589,0.9342418469321229,True
231,xec666.eth,Zapper DAO,137,AAVE,False,1637385821,76,958,4050547,0.9344628579259202,True
232,mstablegovernance.eth,mStable,1,vMTA,False,1626173666,142,956,4051503,0.9346834075188956,True
233,meritcircle.eth,Merit Circle,4337,BEAM,False,1636464081,34,954,4052457,0.9349034957110487,True
234,brightdao688.eth,liangjinjin,1,VOTE,False,1690193882,112,945,4053402,0.9351215075995022,True
235,boboat321.eth,MATIC DAO DAO,137,dai,False,1638950875,434,935,4054337,0.9353372124838452,True
236,krausehouse.eth,Krause House,1,KRAUSE,False,1638062021,214,924,4055261,0.9355503796636665,True
237,metaverse-pro.eth,MetaversePro,56,MetaVP,False,1637478915,16,912,4056173,0.935760778438555,True
238,9679999.eth,派大星,1,VOTE,False,1688017180,57,911,4057084,0.9359709465130325,True
239,sidusheroesdao.eth,Sidus Heroes | Sidus Pad,1,SENATE,False,1689692308,17,907,4057991,0.9361801917858658,True
240,pushdao.eth,Push,1,PUSH,False,1664379342,121,903,4058894,0.9363885142570547,True
241,liberofinancial.eth,Libero/Libera Financial,250,xfLibero,False,1646391431,13,898,4059792,0.9365956832261884,True
242,conic-dao.eth,Conic,1,vlCNC,False,1666096981,221,879,4060671,0.9367984688875118,True
243,safedoor.eth,MATIC DAO,137,MATIC,False,1637417793,68,878,4061549,0.9370010238484243,True
244,binance868dashi.eth,zkSync,1,eth,False,1697792231,13,849,4062398,0.9371968884974159,True
245,black369hole.eth,matic black hole,137,MATIC,False,1694325045,146,843,4063241,0.9373913689439412,True
246,coincollect.app,CoinCollect,137,COLLECT,False,1694106299,10,824,4064065,0.9375814660826562,True
247,assangedao.eth,AssangeDAO,1,JUSTICE,False,1644707189,19,813,4064878,0.9377690255168497,True
248,venus-xvs.eth,Venus Protocol,56,XVS,False,1644434518,189,812,4065690,0.937956354250632,True
249,bosondao.eth,Boson Protocol DAO,1,BOSON,False,1639646779,10,805,4066495,0.9381420680815369,True
250,matic.joints.eth,MATICDAO,1,ETH,False,1687570315,387,801,4067296,0.9383268591107976,True
251,aladdindao.eth,AladdinDAO,1,xALD,False,1616255576,1448,795,4068091,0.9385102659375918,True
252,161610.eth,LENS space,1,RHC-DAO,False,1663154205,34,792,4068883,0.938692980663153,True
253,pantherprotocol.eth,Panther Protocol,1,$ZKP,False,1631218168,31,783,4069666,0.9388736190850144,True
254,5552.eth,kkuuclub,1,VOTE,False,1690016037,96,760,4070426,0.9390489513974216,True
255,foundersdao.eth,Founders DAO,1,PVFD,False,1645673652,113,749,4071175,0.9392217460053071,True
256,xborg.eth,XBorg,1,XBORG,False,1663358322,36,743,4071918,0.9393931564107261,True
257,pancakebunny.eth,Bunny,56,BUNNY,False,1614058624,17,742,4072660,0.9395643361157341,True
258,btcismylove.eth,BTC-DAO,1,eth,False,1653551921,35,738,4073398,0.9397345930190979,True
259,mozaicfinance.eth,Mozaic,42161,xMOZ,False,1693912714,15,736,4074134,0.9399043885216395,True
260,liquiddriver.eth,Liquid Driver,250,xLQDR,False,1634569098,13,731,4074865,0.9400730305221258,True
261,awsbcommunity.eth,Allan Wall Street Bets (aWSB),56,aWSB,False,1615710445,149,730,4075595,0.940241441822201,True
262,sdao.eth,SingularityDAO,1,SDAO,False,1631265155,11,726,4076321,0.940408930320632,True
263,origingov.eth,Origin Protocol,1,xOGN,False,1625094708,138,725,4077046,0.940576188118652,True
264,superraredao.eth,SuperRare DAO,1,RARE,False,1631559253,35,724,4077770,0.9407432152162609,True
265,dopedao.eth,DopeDAO,1,DOPE,False,1630518147,102,720,4078490,0.9409093195122256,True
266,apeswap-finance.eth,ApeBond,56,GNANA,False,1619409823,32,715,4079205,0.9410742703061349,True
267,blid.eth,Bolide,1,BLID,False,1646685286,88,710,4079915,0.9412380675979889,True
268,0035666.eth,Kiter,1,VOTE,False,1686981134,218,691,4080606,0.9413974815820327,True
269,1213.eth,brightdao-1,1,VOTE,False,1690193658,106,688,4081294,0.9415562034648434,True
270,gro.xyz,Gro DAO,1,GRO,False,1631521093,52,686,4081980,0.9417144639468319,True
271,10b57e6da0.eth,lobsterdao,1,LOBS,False,1632753282,29,681,4082661,0.9418715709267651,True
272,jpeg’d.eth,JPEG’d,1,JPEG,False,1647629932,142,677,4083338,0.9420277551050541,True
273,apolloxdao.eth,ApolloX,56,Apx Power,False,1651217071,27,675,4084013,0.9421834778825209,True
274,ppyaa.eth,PaoPao,137,Dev,False,1637390048,477,674,4084687,0.9423389699595767,True
275,zhulindong.eth,Polygon,137,Matic,False,1651146230,194,673,4085360,0.9424942313362213,True
276,hi.mochilittlesister.eth,Zerion DNA DAO,1,DNA,False,1706661124,15,664,4086024,0.9426474164091666,True
277,mendifinance.eth,Mendi Finance,59144,MENDI,False,1709821930,28,658,4086682,0.9427992172796453,True
278,compgov.eth,Compound Governance,1,COMP,False,1607705216,10,654,4087336,0.9429500953484798,True
279,✓✓✓✓✓.eth,BNB2.0,1,Vote,False,1654578703,438,653,4087989,0.9431007427169034,True
280,dapang.eth,MATIC,137,MATIC,False,1650329805,324,639,4088628,0.943248160279572,True
281,wumingqi.eth,snapshot,1,ETH,False,1636458809,108,639,4089267,0.9433955778422406,True
282,forgottengov.eth,Forgotten Runes Wizard's Cult,1,WIZARDS,False,1633575862,37,636,4089903,0.943542303303676,True
283,gnars.eth,Gnars,1,GNAR,False,1647839930,101,627,4090530,0.9436869524614119,True
284,romerocpa.eth,ZKSync,324,ETH,False,1707153190,66,623,4091153,0.9438306788175035,True
285,magpiexyz.eth,Magpie,56,vlMGP,False,1669119917,91,617,4091770,0.9439730209711288,True
286,goldfinch.eth,Goldfinch,1,GFI,False,1638142456,90,615,4092385,0.9441149017239319,True
287,seamlessprotocol.eth,Seamless,8453,SEAM,False,1701300748,21,611,4092996,0.9442558596750907,True
288,brightdao888.eth,kk club,1,VOTE,False,1689906848,105,611,4093607,0.9443968176262496,True
289,richroad.levdeviatkin.eth,RichBest,1,VOTE,False,1702157068,25,606,4094213,0.9445366220753532,True
290,dfkvote.eth,DeFi Kingdoms,53935,VOTES,False,1645211150,16,604,4094817,0.9446759651236346,True
291,strayshot.eth,StrayShot,1,VOTE,False,1695818531,41,589,4095406,0.9448118476657502,True
292,boringsecurity.eth,Boring Security,1,BoringSEC,False,1671883798,37,588,4095994,0.9449474995074546,True
293,tracer.eth,Tracer,1,TCR,False,1614724534,46,588,4096582,0.9450831513491591,True
294,nibajie.eth,nibajie,137,MATIC,False,1686727040,318,587,4097169,0.9452185724904525,True
295,pickle.eth,PICKLE,1,DILL,False,1620627980,51,582,4097751,0.9453528401296906,True
296,polygondaoo.eth,polygon,137,matic,False,1650292694,325,581,4098332,0.9454868770685175,True
297,meiridi.eth,Matic guild,1,MATIC,False,1689394698,168,577,4098909,0.9456199912057003,True
298,53231323.eth,LensProtocol,137,MATIC,False,1660017968,20,566,4099475,0.9457505676383614,True
299,zkaptos.eth,Aptos  ECO  ,1,✺SYNG,False,1674546391,15,563,4100038,0.9458804519697893,True
300,hubbleexchange.eth,Hubble Exchange,43114,HSC,False,1639576708,28,562,4100600,0.9460101056008061,True
301,rugcommunity.eth,RugDAO,1,RDAO,False,1649823363,25,558,4101158,0.9461388364301787,True
302,genesisblocks.eth,Genesis Blocks,1,GEN,False,1632923026,63,548,4101706,0.9462652602554408,True
303,721nftdao.eth,Club721 DAO,1,721DAO,False,1634873177,22,546,4102252,0.9463912226798805,True
304,xwg.eth,X World Games,56,XWG,False,1631603305,11,544,4102796,0.9465167237034983,True
305,botto.eth,Botto,1,BOTTO,False,1645454951,94,543,4103339,0.9466419940267049,True
306,551111155.eth,Mr. Scrudge,137,SCRG,False,1706672390,15,541,4103880,0.9467668029490895,True
307,toniya.eth,Klaytn Dex,1001,KDEX,False,1668766072,534,541,4104421,0.9468916118714741,True
308,blockchainminers.eth,Blockchain Miners Club,1,VOTES,False,1638902998,18,537,4104958,0.9470154979922143,True
309,iotexlab.eth,IoTeXLab Delegate,4689,LABT,True,1630878985,24,537,4105495,0.9471393841129546,True
310,superfluid.eth,Superfluid,8453,SUP,False,1736929985,11,534,4106029,0.9472625781324617,True
311,mainnet.ssvnetwork.eth,ssv.network,1,SSV,False,1624445201,113,530,4106559,0.9473848493503245,True
312,hundredfinance.eth,Hundred Finance,10,veHND,False,1641827702,18,529,4107088,0.9475068898677763,True
313,muxvote.eth,MUX,1,veMux,False,1670993405,22,525,4107613,0.9476280075835839,True
314,kudasaijp.eth,Kudasai,1,MK,False,1646437178,27,524,4108137,0.9477488945989804,True
315,council.bibliotheca.eth,Bibilotheca DAO,1,BIBLIO,False,1641945213,50,524,4108661,0.9478697816143768,True
316,harmony-mainnet.eth,Harmony Mainnet,1666600000,ONE,False,1642009536,20,523,4109184,0.9479904379293623,True
317,vote.hopr.eth,HOPR Association Governance,1,HOPR,False,1653578409,29,523,4109707,0.9481110942443477,True
318,stakewise.eth,StakeWise,1,SWISE,False,1618991843,155,521,4110228,0.9482312891585111,True
319,pool.berkut.eth,berkut community,137,VOTE,False,1691750947,81,519,4110747,0.9483510226718522,True
320,gasdao.eth,Gas DAO,1,GAS,False,1640752297,18,519,4111266,0.9484707561851934,True
321,floki-inu.eth,Floki,1,FLOKI,False,1636321491,20,518,4111784,0.9485902589981234,True
322,79798.eth,kmclub,1,VOTE,False,1691311482,48,518,4112302,0.9487097618110536,True
323,orbapp.eth,Orb,1,VOTE,False,1685631696,479,514,4112816,0.9488283418223394,True
324,xtarot.eth,Tarot,250,xTAROT,False,1635874384,35,509,4113325,0.94894576833157,True
325,skvlldao.eth,SkvllpvnkzDAO,1,SKVLLZ,False,1631785098,11,508,4113833,0.9490629641403895,True
326,cccdd.eth,zkSync DAO,1,USDC,False,1698043480,44,508,4114341,0.949180159949209,True
327,💿💿💿💿💿💿💿💿💿💿.eth,fdgdfgfdgsgds,1,VOTE,False,1670975334,16,507,4114848,0.9492971250576174,True
328,qhsky.eth,qhsky,1,ETH,False,1636357614,289,506,4115354,0.9494138594656149,True
329,fortressdao.eth,Fortress DAO,43114,sFORT,False,1637362854,22,506,4115860,0.9495305938736122,True
330,posttechdao.eth,Post Tech DAO,1,vePOST,False,1702979775,15,506,4116366,0.9496473282816096,True
331,level-finance.eth,Level Finance,56,LGO,False,1672296113,28,503,4116869,0.9497633705883737,True
332,partydao.eth,PartyDAO,1,PARTY,True,1620356009,14,499,4117368,0.9498784900934937,True
333,biteren.eth,poly dao,137,MATIC,False,1637379929,341,498,4117866,0.9499933788982026,True
334,wdswap.eth,WdDao,137,MATIC,False,1637759076,404,498,4118364,0.9501082677029113,True
335,gramdao.eth,GRAM DAO,1,sGRAM,False,1689923857,32,494,4118858,0.950222233705976,True
336,linkstar.eth,StarCrazy,4689,GFS,False,1628581377,22,492,4119350,0.9503357383082185,True
337,svs.eth,Sneaky Vampire Syndicate,1,SVS,False,1633468062,94,492,4119842,0.9504492429104611,True
338,51588.eth,matic c,137,MATIC,False,1637397298,42,490,4120332,0.9505622861118814,True
339,yearn,yearn.finance (archive),1,YFI,False,1620456826,16,489,4120821,0.9506750986128907,True
340,halloweenbearsdao.eth,HalloweenBearsDAO,1,HBEARS,False,1634175607,29,486,4121307,0.9507872190126668,True
341,ethlizards.eth,Ethlizards,1,LIZARD,False,1645270273,43,479,4121786,0.9508977245095656,True
342,poktdao.eth,POKT Network,100,POKTDAO,False,1677339508,119,478,4122264,0.9510079993060532,True
343,freerossdao.eth,FreeRossDAO,1,FREE,False,1639777302,18,477,4122741,0.9511180434021297,True
344,leukosedu.eth,leukosedudao,5,EDUDao,True,1673080381,44,477,4123218,0.9512280874982063,True
345,0vix-protocol.eth,0VIX Protocol,137,preVIX,False,1684080911,13,477,4123695,0.9513381315942828,True
346,fantohmdao.eth,FHM DAO,250,sFHM,False,1636156588,35,469,4124164,0.9514463300870709,True
347,voltagefinance.eth,Voltage Finance,122,VOLT,False,1644179106,13,468,4124632,0.951554297879448,True
348,dapang1.eth,pylygon1,137,matic,False,1650340770,313,464,4125096,0.9516613428701807,True
349,figure1.eth,AntCaveDAO,1,AC,False,1687742745,369,462,4125558,0.9517679264600913,True
350,briwanbriwan333999.eth,33333,137,matic,False,1687848490,77,458,4126016,0.9518735872483578,True
351,futera.eth,Futera United,1,FU,False,1643714442,341,458,4126474,0.9519792480366241,True
352,kcc.eth,kcc-community,321,KCS,False,1627959361,13,454,4126928,0.9520839860232463,True
353,dogelondao.eth,Dogelon DAO,1,ELON,False,1624150632,21,454,4127382,0.9521887240098684,True
354,dao.connext.eth,Everclear,1,NEXT,False,1693407792,72,453,4127835,0.9522932312960796,True
355,vnetwork.eth,vision network,888888,Powers,False,1646296818,17,449,4128284,0.9523968157806464,True
356,basedpiggy.eth,PiggyDAO,8453,PIGGY,False,1749668305,10,447,4128731,0.9524999388643911,True
357,4867.eth,fserg,1,VOTE,False,1690792556,37,446,4129177,0.9526028312477247,True
358,echelonassembly.eth,Echelon Assembly,1,PRIME,False,1663350541,14,445,4129622,0.9527054929306473,True
359,spiritswap.eth,SpiritSwap,250,inSPIRIT,False,1620351917,48,441,4130063,0.9528072318119256,True
360,theadmiraldao.eth,AdmiralDAO,1,SAIL,False,1687985361,23,440,4130503,0.9529087399927929,True
361,maticcoin.eth,Maticcoin,1,Matic,False,1639732970,59,440,4130943,0.9530102481736602,True
362,shrimpfund.eth,Shrimp DAO,56,SHP,False,1639320576,126,439,4131382,0.9531115256541164,True
363,mintimerka.eth,9k dao - 3,1,VOTE,False,1681085327,237,439,4131821,0.9532128031345726,True
364,planetfinance.eth,Planet,56,AQUA,False,1623268696,92,438,4132259,0.9533138499146178,True
365,benddao.eth,BendDAO,1,veBEND,False,1647752861,88,436,4132695,0.9534144352938408,True
366,saynotorug.eth,RuGenerous DAO,43114,RUG,False,1637648933,35,431,4133126,0.9535138671710085,True
367,bobuthefarmer.eth,Bobu,1,BOBU,False,1647908888,24,427,4133553,0.953612376246532,True
368,pozoaxel.eth,Zksync Airdrop,324,ETH,False,1707154987,47,426,4133979,0.9537106546216444,True
369,857.79798.eth,opoki,1,VOTE,False,1690791411,66,423,4134402,0.9538082408955236,True
370,guodanpi.eth,guodanpi,1,eth,False,1639919980,329,420,4134822,0.9539051350681697,True
371,lens.qiaodong.eth,Matic bridge,137,MATIC,False,1694508377,116,419,4135241,0.9540017985404047,True
372,rallygov.eth,Rally,1,RLY,False,1618613144,198,419,4135660,0.9540984620126396,True
373,狂奔的蜗牛1.eth,lumao,56,usdt,False,1637416592,271,418,4136078,0.9541948947844635,True
374,silofinance.eth,Silo,1,SILO,False,1639347556,53,417,4136495,0.9542910968558764,True
375,elfi.eth,Element DAO,1,ELFI,False,1649279643,31,416,4136911,0.9543870682268781,True
376,gotchivault.eth,Gotchi Vault,137,VLT,False,1645153306,205,416,4137327,0.95448303959788,True
377,狂奔的蜗牛2.eth,lumao(狂奔的蜗牛2.eth),56,usdt,False,1637497598,263,415,4137742,0.9545787802684707,True
378,metrox.eth,Metrox,1,Ticket,False,1629648998,68,411,4138153,0.9546735981374171,True
379,autometafi.eth,InMathWeTrust,1,IMWT,False,1651854435,12,410,4138563,0.9547681853059525,True
380,phonon.eth,Phonon DAO,1,PHONON,False,1640143228,25,408,4138971,0.9548623110736659,True
381,bwkj88.eth,Socialfi DAO,56,DJFC,True,1637503479,320,404,4139375,0.9549555140397349,True
382,coinagemedia.eth,Coinage,1,VOTE,False,1676573492,67,395,4139770,0.9550466407021044,True
383,bnbdddd.eth,bnb,1,666,False,1663391850,439,395,4140165,0.9551377673644739,True
384,magiclogic.eth,TEST,1,ETH,False,1706265751,116,395,4140560,0.9552288940268434,True
385,evmaverick.eth,EVMavericks,1,EVM,False,1650083578,31,394,4140954,0.9553197899888018,True
386,1todamoon.eth,matic to the moon,137,MATIC,False,1694326740,125,394,4141348,0.9554106859507602,True
387,zhudapang3.eth,polgon,137,matic,False,1651145184,181,391,4141739,0.9555008898114855,True
388,digitalriyal.eth,Era Gtc,56,VOTE,False,1679838188,86,390,4142129,0.9555908629717996,True
389,infinex.eth,Infinex,10,INX COUNCIL,False,1694400441,160,388,4142517,0.9556803747312917,True
390,ffdao.eth,forefront,1,FF,False,1617284081,27,386,4142903,0.9557694250899617,True
391,cryptomods.eth,Moons Governance,1,MOON,False,1702312810,67,384,4143287,0.9558580140478095,True
392,gauges.aurafinance.eth,Aura - Balancer Gauges,1,vlAURA,False,1672491383,77,382,4143669,0.9559461416048352,True
393,gelato.eth,Gelato,1,GEL,False,1637523020,10,381,4144050,0.9560340384614497,True
394,parakeetdao.eth,Parakeet DAO,1,KEET,False,1643483183,15,380,4144430,0.9561217046176533,True
395,panda-dao.eth,PandaDAO,1,PANDA,False,1647076374,18,378,4144808,0.9562089093730347,True
396,serta.eth,ENS  coalition,137,ENS,False,1652789469,15,370,4145178,0.9562942685251277,True
397,狂奔的蜗牛4.eth,lumao(狂奔的蜗牛4.eth),56,usdt,False,1639295948,170,368,4145546,0.9563791662763985,True
398,barnbridge.eth,BarnBridge,1,BOND,False,1610467586,32,368,4145914,0.9564640640276693,True
399,baovotes.eth,baovotes.eth,1,veBAO,False,1607450991,87,366,4146280,0.956548500378118,True
400,rdatadao.eth,r/datadao,8453,RDAT,False,1711796618,16,366,4146646,0.9566329367285666,True
401,umamidao.eth,Bonsai DAO,42161,BONSAI VOTES,False,1676225698,11,366,4147012,0.9567173730790154,True
402,狂奔的蜗牛3.eth,lumao(狂奔的蜗牛3.eth),56,usdt,False,1639213121,170,365,4147377,0.956801578729053,True
403,blockhuobi.eth,CyberConnect DAO,1,CC,False,1653121703,36,363,4147740,0.9568853229782684,True
404,thelanddaoprop.eth,TheLandSafe Proposals,1,LAND,False,1644038478,101,361,4148101,0.9569686058266619,True
405,snxgov.eth,Synthetix SCCP/SIP,1,SNX,True,1614762849,969,360,4148461,0.9570516579746442,True
406,chenyangcong.eth,zksync,137,MAVERICKMAVA,False,1688036048,107,356,4148817,0.9571337873209822,True
407,blastupio.eth,BlastUP,81457,BLASTUP,False,1722950622,13,353,4149170,0.9572152245660871,True
408,skgame.eth,skgame,1,ETH,False,1638252610,380,352,4149522,0.957296431110781,True
409,dawow.eth,DAWoW,1,Votes,False,1642672781,19,351,4149873,0.9573774069550637,True
410,ampleforthorg.eth,Ampleforth,1,FORTH,False,1620150467,53,351,4150224,0.9574583827993465,True
411,planckcatdao.eth,Overlay Protocol,1,Voting Right,False,1644277065,33,348,4150572,0.957538666542396,True
412,landshare.eth,Landshare,56,LAND,False,1629404360,60,347,4150919,0.9576187195850345,True
413,beanstalkdao.eth,Beanstalk DAO,1,STALK,False,1654809690,33,347,4151266,0.9576987726276731,True
414,xole.eth,OpenLeverage,56,OLE,False,1655986047,59,347,4151613,0.9577788256703116,True
415,swaprsnapshot.eth,Swapr Snapshot,1,SWPR,False,1668780531,27,347,4151960,0.9578588787129501,True
416,unlock-protocol.eth,Unlock Protocol,1,UDT,False,1622822434,85,346,4152306,0.9579387010551775,True
417,kalmyapp.eth,Kalmy.APP,56,veKALM,False,1660745704,160,345,4152651,0.9580182926969939,True
418,undeadpastelnft.eth,Undead Pastel Club,1,UPC,False,1642096383,21,344,4152995,0.9580976536383993,True
419,yakherd.eth,Yield Yak,43114,vYAK,False,1635508255,17,344,4153339,0.9581770145798045,True
420,rareships.eth,Rareships DAO,2109,RSHPS,False,1674156647,16,343,4153682,0.9582561448207988,True
421,brightmoments.eth,Bright Moments,1,CITIZEN,False,1625269714,30,343,4154025,0.9583352750617931,True
422,otterclam.eth,OtterClam,137,MATIC,False,1636616639,161,343,4154368,0.9584144053027873,True
423,pstakefinance.eth,pSTAKE Finance,1,PSTAKE,False,1646214665,24,342,4154710,0.9584933048433706,True
424,itokenpocket.eth,TokenPocket,56,xTPT,False,1669715623,20,341,4155051,0.9585719736835427,True
425,romedaofi.eth,RomeDAO,1285,sROME,False,1639642941,21,339,4155390,0.9586501811228927,True
426,veyfi.eth,yearn,1,veYFI,False,1671020736,80,339,4155729,0.9587283885622427,True
427,keephopeif.eth,keephope,1,ETH,False,1688130617,116,338,4156067,0.9588063653011817,True
428,sniperalex.eth,Matic sniper,137,MATIC,False,1694321944,144,338,4156405,0.9588843420401206,True
429,usebraintrust.eth,Braintrust,1,BTRST,False,1629324216,19,336,4156741,0.9589618573782375,True
430,tcgverse.eth,CryptoSpells Governance,2400,TCGC,False,1653224452,94,335,4157076,0.9590391420159432,True
431,latticegov.eth,Lattice Gateway,1,veLTX,False,1615791348,41,335,4157411,0.959116426653649,True
432,beanstalkfarms.eth,Beanstalk Farms,1,STALK,False,1633724140,149,332,4157743,0.9591930191901216,True
433,xingzepeng.eth,WILL,137,USDT,False,1637392389,20,329,4158072,0.959268919625361,True
434,wagdie.eth,WAGDIE,1,WAGDIE,False,1654905482,58,328,4158400,0.9593445893601893,True
435,lunargovernance.eth,Lunar Governance,4689,LRG,False,1629501385,18,328,4158728,0.9594202590950176,True
436,richdaomoney.eth,RICH DAO,250,gRICH,False,1646300698,10,328,4159056,0.959495928829846,True
437,goopsnapshot.eth,GOOP TROOP,1,GOOP,False,1633590051,394,327,4159383,0.9595713678642632,True
438,equationdao.eth,EquationDAO,42161,veEQU,False,1699614882,14,327,4159710,0.9596468068986805,True
439,noixaref.eth,Testing Snapshott,1,ETH,False,1687898030,188,327,4160037,0.9597222459330979,True
440,rusha.eth,Testers Game,1,VOTE,False,1681516525,157,326,4160363,0.959797454267104,True
441,zombiezdao.eth,Crypto Zombiez DAO,1,ZOMBIE,False,1634955857,45,325,4160688,0.9598724319006992,True
